"State","Kind","Address","Label","Folder","File","Status","Source"
"0x00","Enter","0x0048CC80","CPlayerHero::EnterYoungTarzanIdle","00 - YoungIdle","enter - 0x0048CC80 - EnterYoungIdle.c","copied_patched","C:\Users\Proxi\TarzanREVERSEDCodex\ghidra_export\young_state_forced_all_decomp\0048CC80_CPlayerHero__EnterYoungTarzanIdle.c"
"0x00","Update","0x0048CCE0","CPlayerHero::UpdateYoungTarzanIdle","00 - YoungIdle","update - 0x0048CCE0 - UpdateYoungIdle.c","copied_patched","C:\Users\Proxi\TarzanREVERSEDCodex\ghidra_export\young_state_forced_all_decomp\0048CCE0_CPlayerHero__UpdateYoungTarzanIdle.c"
"0x01","Enter","0x0048D1E0","CPlayerHero::EnterYoungTarzanMoveForward","01 - YoungMoveForward","enter - 0x0048D1E0 - EnterYoungMoveForward.c","copied_patched","C:\Users\Proxi\TarzanREVERSEDCodex\ghidra_export\young_state_forced_all_decomp\0048D1E0_CPlayerHero__EnterYoungTarzanMoveForward.c"
"0x01","Update","0x0048D2E0","CPlayerHero::UpdateYoungTarzanMoveForward","01 - YoungMoveForward","update - 0x0048D2E0 - UpdateYoungMoveForward.c","copied_patched","C:\Users\Proxi\TarzanREVERSEDCodex\ghidra_export\young_state_forced_all_decomp\0048D2E0_CPlayerHero__UpdateYoungTarzanMoveForward.c"
"0x02","Enter","0x0048D5E0","CPlayerHero::EnterYoungTarzanStopForwardMovement","02 - YoungStopForwardMovement","enter - 0x0048D5E0 - EnterYoungStopForwardMovement.c","copied_patched","C:\Users\Proxi\TarzanREVERSEDCodex\ghidra_export\young_state_forced_all_decomp\0048D5E0_CPlayerHero__EnterYoungTarzanStopForwardMovement.c"
"0x02","Update","0x0048D680","CPlayerHero::UpdateYoungTarzanStopForwardMovement","02 - YoungStopForwardMovement","update - 0x0048D680 - UpdateYoungStopForwardMovement.c","copied_patched","C:\Users\Proxi\TarzanREVERSEDCodex\ghidra_export\young_state_forced_all_decomp\0048D680_CPlayerHero__UpdateYoungTarzanStopForwardMovement.c"
"0x03","Enter","0x0048D0B0","CPlayerHero::EnterYoungTarzanTurnAround","03 - YoungTurnAround","enter - 0x0048D0B0 - EnterYoungTurnAround.c","copied_patched","C:\Users\Proxi\TarzanREVERSEDCodex\ghidra_export\young_state_forced_all_decomp\0048D0B0_CPlayerHero__EnterYoungTarzanTurnAround.c"
"0x03","Update","0x0048D0F0","CPlayerHero::UpdateYoungTarzanTurnAround","03 - YoungTurnAround","update - 0x0048D0F0 - UpdateYoungTurnAround.c","copied_patched","C:\Users\Proxi\TarzanREVERSEDCodex\ghidra_export\young_state_forced_all_decomp\0048D0F0_CPlayerHero__UpdateYoungTarzanTurnAround.c"
"0x04","Enter","0x0048D920","CPlayerHero::EnterYoungTarzanAirborneMovement","04 - YoungAirborneMovement","enter - 0x0048D920 - EnterYoungAirborneMovement.c","copied_patched","C:\Users\Proxi\TarzanREVERSEDCodex\ghidra_export\young_state_forced_all_decomp\0048D920_CPlayerHero__EnterYoungTarzanAirborneMovement.c"
"0x04","Update","0x0048DBB0","CPlayerHero::UpdateYoungTarzanAirborneMovement","04 - YoungAirborneMovement","update - 0x0048DBB0 - UpdateYoungAirborneMovement.c","copied_patched","C:\Users\Proxi\TarzanREVERSEDCodex\ghidra_export\young_state_forced_all_decomp\0048DBB0_CPlayerHero__UpdateYoungTarzanAirborneMovement.c"
"0x05","Enter","0x0048DA10","CPlayerHero::EnterYoungTarzanMovingJump","05 - YoungMovingJump","enter - 0x0048DA10 - EnterYoungMovingJump.c","copied_patched","C:\Users\Proxi\TarzanREVERSEDCodex\ghidra_export\young_state_forced_all_decomp\0048DA10_CPlayerHero__EnterYoungTarzanMovingJump.c"
"0x05","Update","0x0048DBB0","CPlayerHero::UpdateYoungTarzanAirborneMovement","05 - YoungMovingJump","update - 0x0048DBB0 - UpdateYoungAirborneMovement.c","copied_patched","C:\Users\Proxi\TarzanREVERSEDCodex\ghidra_export\young_state_forced_all_decomp\0048DBB0_CPlayerHero__UpdateYoungTarzanAirborneMovement.c"
"0x06","Enter","0x0048D930","CPlayerHero::EnterYoungTarzanStandingJump","06 - YoungStandingJump","enter - 0x0048D930 - EnterYoungStandingJump.c","copied_patched","C:\Users\Proxi\TarzanREVERSEDCodex\ghidra_export\young_state_forced_all_decomp\0048D930_CPlayerHero__EnterYoungTarzanStandingJump.c"
"0x06","Update","0x0048DBB0","CPlayerHero::UpdateYoungTarzanAirborneMovement","06 - YoungStandingJump","update - 0x0048DBB0 - UpdateYoungAirborneMovement.c","copied_patched","C:\Users\Proxi\TarzanREVERSEDCodex\ghidra_export\young_state_forced_all_decomp\0048DBB0_CPlayerHero__UpdateYoungTarzanAirborneMovement.c"
"0x07","Enter","0x0048DD80","CPlayerHero::EnterYoungTarzanFalling","07 - YoungFalling","enter - 0x0048DD80 - EnterYoungFalling.c","copied_patched","C:\Users\Proxi\TarzanREVERSEDCodex\ghidra_export\young_state_forced_all_decomp\0048DD80_CPlayerHero__EnterYoungTarzanFalling.c"
"0x07","Update","0x0048DF20","CPlayerHero::UpdateYoungTarzanFalling","07 - YoungFalling","update - 0x0048DF20 - UpdateYoungFalling.c","copied_patched","C:\Users\Proxi\TarzanREVERSEDCodex\ghidra_export\young_state_forced_all_decomp\0048DF20_CPlayerHero__UpdateYoungTarzanFalling.c"
"0x08","Enter","0x0048DD80","CPlayerHero::EnterYoungTarzanFalling","08 - YoungFalling","enter - 0x0048DD80 - EnterYoungFalling.c","copied_patched","C:\Users\Proxi\TarzanREVERSEDCodex\ghidra_export\young_state_forced_all_decomp\0048DD80_CPlayerHero__EnterYoungTarzanFalling.c"
"0x08","Update","0x0048DF20","CPlayerHero::UpdateYoungTarzanFalling","08 - YoungFalling","update - 0x0048DF20 - UpdateYoungFalling.c","copied_patched","C:\Users\Proxi\TarzanREVERSEDCodex\ghidra_export\young_state_forced_all_decomp\0048DF20_CPlayerHero__UpdateYoungTarzanFalling.c"
"0x09","Enter","0x0048E180","CPlayerHero::EnterYoungLandingRecovery","09 - YoungLandingRecovery","enter - 0x0048E180 - EnterYoungLandingRecovery.c","copied_patched","C:\Users\Proxi\TarzanREVERSEDCodex\ghidra_export\young_state_forced_all_decomp\0048E180_CPlayerHero__EnterYoungLandingRecovery.c"
"0x09","Update","0x0048E3C0","CPlayerHero::UpdateYoungLandingRecovery","09 - YoungLandingRecovery","update - 0x0048E3C0 - UpdateYoungLandingRecovery.c","copied_patched","C:\Users\Proxi\TarzanREVERSEDCodex\ghidra_export\young_state_forced_all_decomp\0048E3C0_CPlayerHero__UpdateYoungLandingRecovery.c"
"0x0A","Enter","0x0048E5E0","CPlayerHero::EnterYoungBlock","0A - YoungBlock","enter - 0x0048E5E0 - EnterYoungBlock.c","copied_patched","C:\Users\Proxi\TarzanREVERSEDCodex\ghidra_export\young_state_forced_all_decomp\0048E5E0_CPlayerHero__EnterYoungBlock.c"
"0x0A","Update","0x0048E620","CPlayerHero::UpdateYoungBlockAnimation","0A - YoungBlock","update - 0x0048E620 - UpdateYoungBlockAnimation.c","copied_patched","C:\Users\Proxi\TarzanREVERSEDCodex\ghidra_export\young_state_forced_all_decomp\0048E620_CPlayerHero__UpdateYoungBlockAnimation.c"
"0x0B","Enter","0x0048E5E0","CPlayerHero::EnterYoungBlock","0B - YoungBlock","enter - 0x0048E5E0 - EnterYoungBlock.c","copied_patched","C:\Users\Proxi\TarzanREVERSEDCodex\ghidra_export\young_state_forced_all_decomp\0048E5E0_CPlayerHero__EnterYoungBlock.c"
"0x0B","Update","0x0048E620","CPlayerHero::UpdateYoungBlockAnimation","0B - YoungBlock","update - 0x0048E620 - UpdateYoungBlockAnimation.c","copied_patched","C:\Users\Proxi\TarzanREVERSEDCodex\ghidra_export\young_state_forced_all_decomp\0048E620_CPlayerHero__UpdateYoungBlockAnimation.c"
"0x0C","Enter","0x00490FB0","CPlayerHero::EnterYoungPlayerDamage","0C - YoungPlayerDamage","enter - 0x00490FB0 - EnterYoungPlayerDamage.c","copied_patched","C:\Users\Proxi\TarzanREVERSEDCodex\ghidra_export\young_state_forced_all_decomp\00490FB0_CPlayerHero__EnterYoungPlayerDamage.c"
"0x0C","Update","0x00491030","CPlayerHero::UpdateYoungPlayerDamage","0C - YoungPlayerDamage","update - 0x00491030 - UpdateYoungPlayerDamage.c","copied_patched","C:\Users\Proxi\TarzanREVERSEDCodex\ghidra_export\young_state_forced_all_decomp\00491030_CPlayerHero__UpdateYoungPlayerDamage.c"
"0x0D","Enter","0x00490EA0","CPlayerHero::EnterYoungEdgeBalance","0D - YoungEdgeBalance","enter - 0x00490EA0 - EnterYoungEdgeBalance.c","copied_patched","C:\Users\Proxi\TarzanREVERSEDCodex\ghidra_export\young_state_forced_all_decomp\00490EA0_CPlayerHero__EnterYoungEdgeBalance.c"
"0x0D","Update","0x00490EC0","CPlayerHero::UpdateYoungEdgeBalance","0D - YoungEdgeBalance","update - 0x00490EC0 - UpdateYoungEdgeBalance.c","copied_patched","C:\Users\Proxi\TarzanREVERSEDCodex\ghidra_export\young_state_forced_all_decomp\00490EC0_CPlayerHero__UpdateYoungEdgeBalance.c"
"0x0E","Enter","0x00491510","CPlayerHero::EnterYoungTouchSurfaceOnSurfing","0E - YoungTouchSurfaceOnSurfing","enter - 0x00491510 - EnterYoungTouchSurfaceOnSurfing.c","copied_patched","C:\Users\Proxi\TarzanREVERSEDCodex\ghidra_export\young_state_forced_all_decomp\00491510_CPlayerHero__EnterYoungTouchSurfaceOnSurfing.c"
"0x0E","Update","0x00491920","CPlayerHero::UpdateYoungTreeSurfingContact","0E - YoungTouchSurfaceOnSurfing","update - 0x00491920 - UpdateYoungTreeSurfingContact.c","copied_patched","C:\Users\Proxi\TarzanREVERSEDCodex\ghidra_export\young_state_forced_all_decomp\00491920_CPlayerHero__UpdateYoungTreeSurfingContact.c"
"0x0F","Enter","0x00491680","CPlayerHero::EnterYoungTreeSurfingResume","0F - YoungTreeSurfingResume","enter - 0x00491680 - EnterYoungTreeSurfingResume.c","copied_patched","C:\Users\Proxi\TarzanREVERSEDCodex\ghidra_export\young_state_forced_all_decomp\00491680_CPlayerHero__EnterYoungTreeSurfingResume.c"
"0x0F","Update","0x00491920","CPlayerHero::UpdateYoungTreeSurfingContact","0F - YoungTreeSurfingResume","update - 0x00491920 - UpdateYoungTreeSurfingContact.c","copied_patched","C:\Users\Proxi\TarzanREVERSEDCodex\ghidra_export\young_state_forced_all_decomp\00491920_CPlayerHero__UpdateYoungTreeSurfingContact.c"
"0x10","Enter","0x004913D0","CPlayerHero::EnterYoungTreeSurfingRebound","10 - YoungTreeSurfingRebound","enter - 0x004913D0 - EnterYoungTreeSurfingRebound.c","copied_patched","C:\Users\Proxi\TarzanREVERSEDCodex\ghidra_export\young_state_forced_all_decomp\004913D0_CPlayerHero__EnterYoungTreeSurfingRebound.c"
"0x10","Update","0x00491920","CPlayerHero::UpdateYoungTreeSurfingContact","10 - YoungTreeSurfingRebound","update - 0x00491920 - UpdateYoungTreeSurfingContact.c","copied_patched","C:\Users\Proxi\TarzanREVERSEDCodex\ghidra_export\young_state_forced_all_decomp\00491920_CPlayerHero__UpdateYoungTreeSurfingContact.c"
"0x11","Enter","0x0048DD80","CPlayerHero::EnterYoungTarzanFalling","11 - YoungFalling","enter - 0x0048DD80 - EnterYoungFalling.c","copied_patched","C:\Users\Proxi\TarzanREVERSEDCodex\ghidra_export\young_state_forced_all_decomp\0048DD80_CPlayerHero__EnterYoungTarzanFalling.c"
"0x11","Update","0x0048DF20","CPlayerHero::UpdateYoungTarzanFalling","11 - YoungFalling","update - 0x0048DF20 - UpdateYoungFalling.c","copied_patched","C:\Users\Proxi\TarzanREVERSEDCodex\ghidra_export\young_state_forced_all_decomp\0048DF20_CPlayerHero__UpdateYoungTarzanFalling.c"
"0x12","Enter","0x00491470","CPlayerHero::EnterYoungSurfingMode","12 - YoungSurfingMode","enter - 0x00491470 - EnterYoungSurfingMode.c","copied_patched","C:\Users\Proxi\TarzanREVERSEDCodex\ghidra_export\young_state_forced_all_decomp\00491470_CPlayerHero__EnterYoungSurfingMode.c"
"0x12","Update","0x00491920","CPlayerHero::UpdateYoungTreeSurfingContact","12 - YoungSurfingMode","update - 0x00491920 - UpdateYoungTreeSurfingContact.c","copied_patched","C:\Users\Proxi\TarzanREVERSEDCodex\ghidra_export\young_state_forced_all_decomp\00491920_CPlayerHero__UpdateYoungTreeSurfingContact.c"
"0x13","Enter","0x004917B0","CPlayerHero::EnterYoungApplyDamageOnTreeSurfing","13 - YoungApplyDamageOnTreeSurfing","enter - 0x004917B0 - EnterYoungApplyDamageOnTreeSurfing.c","copied_patched","C:\Users\Proxi\TarzanREVERSEDCodex\ghidra_export\young_state_forced_all_decomp\004917B0_CPlayerHero__EnterYoungApplyDamageOnTreeSurfing.c"
"0x13","Update","0x00491920","CPlayerHero::UpdateYoungTreeSurfingContact","13 - YoungApplyDamageOnTreeSurfing","update - 0x00491920 - UpdateYoungTreeSurfingContact.c","copied_patched","C:\Users\Proxi\TarzanREVERSEDCodex\ghidra_export\young_state_forced_all_decomp\00491920_CPlayerHero__UpdateYoungTreeSurfingContact.c"
"0x14","Enter","0x00491740","CPlayerHero::EnterYoungTreeSurfingMinorHit","14 - YoungTreeSurfingMinorHit","enter - 0x00491740 - EnterYoungTreeSurfingMinorHit.c","copied_patched","C:\Users\Proxi\TarzanREVERSEDCodex\ghidra_export\young_state_forced_all_decomp\00491740_CPlayerHero__EnterYoungTreeSurfingMinorHit.c"
"0x14","Update","0x00491920","CPlayerHero::UpdateYoungTreeSurfingContact","14 - YoungTreeSurfingMinorHit","update - 0x00491920 - UpdateYoungTreeSurfingContact.c","copied_patched","C:\Users\Proxi\TarzanREVERSEDCodex\ghidra_export\young_state_forced_all_decomp\00491920_CPlayerHero__UpdateYoungTreeSurfingContact.c"
"0x15","Enter","0x004911E0","CPlayerHero::EnterYoungFatalDamageSequence","15 - YoungFatalDamageSequence","enter - 0x004911E0 - EnterYoungFatalDamageSequence.c","copied_patched","C:\Users\Proxi\TarzanREVERSEDCodex\ghidra_export\young_state_forced_all_decomp\004911E0_CPlayerHero__EnterYoungFatalDamageSequence.c"
"0x15","Update","0x004913C0","CPlayerHero::UpdateYoungFatalDamageSequence","15 - YoungFatalDamageSequence","update - 0x004913C0 - UpdateYoungFatalDamageSequence.c","copied_patched","C:\Users\Proxi\TarzanREVERSEDCodex\ghidra_export\young_state_forced_all_decomp\004913C0_CPlayerHero__UpdateYoungFatalDamageSequence.c"
"0x16","Enter","0x00491780","CPlayerHero::EnterYoungTreeSurfingDamage","16 - YoungTreeSurfingDamage","enter - 0x00491780 - EnterYoungTreeSurfingDamage.c","copied_patched","C:\Users\Proxi\TarzanREVERSEDCodex\ghidra_export\young_state_forced_all_decomp\00491780_CPlayerHero__EnterYoungTreeSurfingDamage.c"
"0x16","Update","0x00491920","CPlayerHero::UpdateYoungTreeSurfingContact","16 - YoungTreeSurfingDamage","update - 0x00491920 - UpdateYoungTreeSurfingContact.c","copied_patched","C:\Users\Proxi\TarzanREVERSEDCodex\ghidra_export\young_state_forced_all_decomp\00491920_CPlayerHero__UpdateYoungTreeSurfingContact.c"
"0x17","Enter","0x00491EA0","CPlayerHero::EnterYoungGrabSwing","17 - YoungGrabSwing","enter - 0x00491EA0 - EnterYoungGrabSwing.c","copied_patched","C:\Users\Proxi\TarzanREVERSEDCodex\ghidra_export\young_state_forced_all_decomp\00491EA0_CPlayerHero__EnterYoungGrabSwing.c"
"0x17","Update","0x00491F50","CPlayerHero::UpdateYoungGrabSwing","17 - YoungGrabSwing","update - 0x00491F50 - UpdateYoungGrabSwing.c","copied_patched","C:\Users\Proxi\TarzanREVERSEDCodex\ghidra_export\young_state_forced_all_decomp\00491F50_CPlayerHero__UpdateYoungGrabSwing.c"
"0x18","Enter","0x00491F80","CPlayerHero::EnterYoungSwinging","18 - YoungSwinging","enter - 0x00491F80 - EnterYoungSwinging.c","copied_patched","C:\Users\Proxi\TarzanREVERSEDCodex\ghidra_export\young_state_forced_all_decomp\00491F80_CPlayerHero__EnterYoungSwinging.c"
"0x18","Update","0x00492040","CPlayerHero::UpdateYoungSwinging","18 - YoungSwinging","update - 0x00492040 - UpdateYoungSwinging.c","copied_patched","C:\Users\Proxi\TarzanREVERSEDCodex\ghidra_export\young_state_forced_all_decomp\00492040_CPlayerHero__UpdateYoungSwinging.c"
"0x19","Enter","0x00492240","CPlayerHero::EnterYoungSwingMoveToPreviousSegment","19 - YoungSwingMoveToPreviousSegment","enter - 0x00492240 - EnterYoungSwingMoveToPreviousSegment.c","copied_patched","C:\Users\Proxi\TarzanREVERSEDCodex\ghidra_export\young_state_forced_all_decomp\00492240_CPlayerHero__EnterYoungSwingMoveToPreviousSegment.c"
"0x19","Update","0x004922E0","CPlayerHero::UpdateYoungSwingMoveToPreviousSegment","19 - YoungSwingMoveToPreviousSegment","update - 0x004922E0 - UpdateYoungSwingMoveToPreviousSegment.c","copied_patched","C:\Users\Proxi\TarzanREVERSEDCodex\ghidra_export\young_state_forced_all_decomp\004922E0_CPlayerHero__UpdateYoungSwingMoveToPreviousSegment.c"
"0x1A","Enter","0x00492240","CPlayerHero::EnterYoungSwingMoveToPreviousSegment","1A - YoungSwingMoveToPreviousSegment","enter - 0x00492240 - EnterYoungSwingMoveToPreviousSegment.c","copied_patched","C:\Users\Proxi\TarzanREVERSEDCodex\ghidra_export\young_state_forced_all_decomp\00492240_CPlayerHero__EnterYoungSwingMoveToPreviousSegment.c"
"0x1A","Update","0x004922E0","CPlayerHero::UpdateYoungSwingMoveToPreviousSegment","1A - YoungSwingMoveToPreviousSegment","update - 0x004922E0 - UpdateYoungSwingMoveToPreviousSegment.c","copied_patched","C:\Users\Proxi\TarzanREVERSEDCodex\ghidra_export\young_state_forced_all_decomp\004922E0_CPlayerHero__UpdateYoungSwingMoveToPreviousSegment.c"
"0x1B","Enter","0x00492430","CPlayerHero::EnterYoungSwingMoveToNextSegment","1B - YoungSwingMoveToNextSegment","enter - 0x00492430 - EnterYoungSwingMoveToNextSegment.c","copied_patched","C:\Users\Proxi\TarzanREVERSEDCodex\ghidra_export\young_state_forced_all_decomp\00492430_CPlayerHero__EnterYoungSwingMoveToNextSegment.c"
"0x1B","Update","0x004924E0","CPlayerHero::UpdateYoungSwingMoveToNextSegment","1B - YoungSwingMoveToNextSegment","update - 0x004924E0 - UpdateYoungSwingMoveToNextSegment.c","copied_patched","C:\Users\Proxi\TarzanREVERSEDCodex\ghidra_export\young_state_forced_all_decomp\004924E0_CPlayerHero__UpdateYoungSwingMoveToNextSegment.c"
"0x1C","Enter","0x00492600","CPlayerHero::EnterYoungSwingRelease","1C - YoungSwingRelease","enter - 0x00492600 - EnterYoungSwingRelease.c","copied_patched","C:\Users\Proxi\TarzanREVERSEDCodex\ghidra_export\young_state_forced_all_decomp\00492600_CPlayerHero__EnterYoungSwingRelease.c"
"0x1C","Update","0x004928D0","CPlayerHero::UpdateYoungSwingRelease","1C - YoungSwingRelease","update - 0x004928D0 - UpdateYoungSwingRelease.c","copied_patched","C:\Users\Proxi\TarzanREVERSEDCodex\ghidra_export\young_state_forced_all_decomp\004928D0_CPlayerHero__UpdateYoungSwingRelease.c"
"0x1D","Enter","0x00492BE0","CPlayerHero::EnterYoungSwingToClimbableSurface","1D - YoungSwingToClimbableSurface","enter - 0x00492BE0 - EnterYoungSwingToClimbableSurface.c","copied_patched","C:\Users\Proxi\TarzanREVERSEDCodex\ghidra_export\young_state_forced_all_decomp\00492BE0_CPlayerHero__EnterYoungSwingToClimbableSurface.c"
"0x1D","Update","0x00492C00","CPlayerHero::UpdateYoungSwingToClimbableSurface","1D - YoungSwingToClimbableSurface","update - 0x00492C00 - UpdateYoungSwingToClimbableSurface.c","copied_patched","C:\Users\Proxi\TarzanREVERSEDCodex\ghidra_export\young_state_forced_all_decomp\00492C00_CPlayerHero__UpdateYoungSwingToClimbableSurface.c"
"0x1E","Enter","0x00492900","CPlayerHero::EnterYoungSwingAttachHold","1E - YoungSwingAttachHold","enter - 0x00492900 - EnterYoungSwingAttachHold.c","copied_patched","C:\Users\Proxi\TarzanREVERSEDCodex\ghidra_export\young_state_forced_all_decomp\00492900_CPlayerHero__EnterYoungSwingAttachHold.c"
"0x1E","Update","0x004929B0","CPlayerHero::UpdateYoungSwingAttachHold","1E - YoungSwingAttachHold","update - 0x004929B0 - UpdateYoungSwingAttachHold.c","copied_patched","C:\Users\Proxi\TarzanREVERSEDCodex\ghidra_export\young_state_forced_all_decomp\004929B0_CPlayerHero__UpdateYoungSwingAttachHold.c"
"0x1F","Enter","0x004929D0","CPlayerHero::EnterYoungSwingPump","1F - YoungSwingPump","enter - 0x004929D0 - EnterYoungSwingPump.c","copied_patched","C:\Users\Proxi\TarzanREVERSEDCodex\ghidra_export\young_state_forced_all_decomp\004929D0_CPlayerHero__EnterYoungSwingPump.c"
"0x1F","Update","0x00492B20","CPlayerHero::UpdateYoungSwingPump","1F - YoungSwingPump","update - 0x00492B20 - UpdateYoungSwingPump.c","copied_patched","C:\Users\Proxi\TarzanREVERSEDCodex\ghidra_export\young_state_forced_all_decomp\00492B20_CPlayerHero__UpdateYoungSwingPump.c"
"0x20","Enter","0x0048F270","CPlayerHero::EnterYoungClimbableEdgeGrab","20 - YoungClimbableEdgeGrab","enter - 0x0048F270 - EnterYoungClimbableEdgeGrab.c","copied_patched","C:\Users\Proxi\TarzanREVERSEDCodex\ghidra_export\young_state_forced_all_decomp\0048F270_CPlayerHero__EnterYoungClimbableEdgeGrab.c"
"0x20","Update","0x0048F2F0","CPlayerHero::UpdateYoungClimbableEdgeGrab","20 - YoungClimbableEdgeGrab","update - 0x0048F2F0 - UpdateYoungClimbableEdgeGrab.c","copied_patched","C:\Users\Proxi\TarzanREVERSEDCodex\ghidra_export\young_state_forced_all_decomp\0048F2F0_CPlayerHero__UpdateYoungClimbableEdgeGrab.c"
"0x21","Enter","0x0048F330","CPlayerHero::EnterYoungClimbableEdgeHang","21 - YoungClimbableEdgeHang","enter - 0x0048F330 - EnterYoungClimbableEdgeHang.c","copied_patched","C:\Users\Proxi\TarzanREVERSEDCodex\ghidra_export\young_state_forced_all_decomp\0048F330_CPlayerHero__EnterYoungClimbableEdgeHang.c"
"0x21","Update","0x0048F390","CPlayerHero::UpdateYoungClimbableEdgeHang","21 - YoungClimbableEdgeHang","update - 0x0048F390 - UpdateYoungClimbableEdgeHang.c","copied_patched","C:\Users\Proxi\TarzanREVERSEDCodex\ghidra_export\young_state_forced_all_decomp\0048F390_CPlayerHero__UpdateYoungClimbableEdgeHang.c"
"0x22","Enter","0x0048F430","CPlayerHero::EnterYoungClimbableEdgePullUp","22 - YoungClimbableEdgePullUp","enter - 0x0048F430 - EnterYoungClimbableEdgePullUp.c","copied_patched","C:\Users\Proxi\TarzanREVERSEDCodex\ghidra_export\young_state_forced_all_decomp\0048F430_CPlayerHero__EnterYoungClimbableEdgePullUp.c"
"0x22","Update","0x0048F480","CPlayerHero::UpdateYoungClimbableEdgePullUp","22 - YoungClimbableEdgePullUp","update - 0x0048F480 - UpdateYoungClimbableEdgePullUp.c","copied_patched","C:\Users\Proxi\TarzanREVERSEDCodex\ghidra_export\young_state_forced_all_decomp\0048F480_CPlayerHero__UpdateYoungClimbableEdgePullUp.c"
"0x23","Enter","0x0048F5E0","CPlayerHero::EnterYoungClimbableSurfaceJumpOff","23 - YoungClimbableSurfaceJumpOff","enter - 0x0048F5E0 - EnterYoungClimbableSurfaceJumpOff.c","copied_patched","C:\Users\Proxi\TarzanREVERSEDCodex\ghidra_export\young_state_forced_all_decomp\0048F5E0_CPlayerHero__EnterYoungClimbableSurfaceJumpOff.c"
"0x23","Update","0x0048F600","CPlayerHero::UpdateYoungClimbableSurfaceJumpOff","23 - YoungClimbableSurfaceJumpOff","update - 0x0048F600 - UpdateYoungClimbableSurfaceJumpOff.c","copied_patched","C:\Users\Proxi\TarzanREVERSEDCodex\ghidra_export\young_state_forced_all_decomp\0048F600_CPlayerHero__UpdateYoungClimbableSurfaceJumpOff.c"
"0x24","Enter","0x0048FE40","CPlayerHero::EnterYoungDiveAnimation","24 - YoungDiveAnimation","enter - 0x0048FE40 - EnterYoungDiveAnimation.c","copied_patched","C:\Users\Proxi\TarzanREVERSEDCodex\ghidra_export\young_state_forced_all_decomp\0048FE40_CPlayerHero__EnterYoungDiveAnimation.c"
"0x24","Update","0x0048FF20","CPlayerHero::UpdateYoungDiveAnimation","24 - YoungDiveAnimation","update - 0x0048FF20 - UpdateYoungDiveAnimation.c","copied_patched","C:\Users\Proxi\TarzanREVERSEDCodex\ghidra_export\young_state_forced_all_decomp\0048FF20_CPlayerHero__UpdateYoungDiveAnimation.c"
"0x25","Enter","0x00490010","CPlayerHero::EnterYoungInWater","25 - YoungInWater","enter - 0x00490010 - EnterYoungInWater.c","copied_patched","C:\Users\Proxi\TarzanREVERSEDCodex\ghidra_export\young_state_forced_all_decomp\00490010_CPlayerHero__EnterYoungInWater.c"
"0x25","Update","0x00490140","CPlayerHero::UpdateYoungDiveInWater","25 - YoungInWater","update - 0x00490140 - UpdateYoungDiveInWater.c","copied_patched","C:\Users\Proxi\TarzanREVERSEDCodex\ghidra_export\young_state_forced_all_decomp\00490140_CPlayerHero__UpdateYoungDiveInWater.c"
"0x26","Enter","0x004901A0","CPlayerHero::EnterYoungWaterIdle","26 - YoungWaterIdle","enter - 0x004901A0 - EnterYoungWaterIdle.c","copied_patched","C:\Users\Proxi\TarzanREVERSEDCodex\ghidra_export\young_state_forced_all_decomp\004901A0_CPlayerHero__EnterYoungWaterIdle.c"
"0x26","Update","0x004901C0","CPlayerHero::UpdateYoungWaterIdle","26 - YoungWaterIdle","update - 0x004901C0 - UpdateYoungWaterIdle.c","copied_patched","C:\Users\Proxi\TarzanREVERSEDCodex\ghidra_export\young_state_forced_all_decomp\004901C0_CPlayerHero__UpdateYoungWaterIdle.c"
"0x27","Enter","0x0048FD80","CPlayerHero::EnterYoungWaterTurn","27 - YoungWaterTurn","enter - 0x0048FD80 - EnterYoungWaterTurn.c","copied_patched","C:\Users\Proxi\TarzanREVERSEDCodex\ghidra_export\young_state_forced_all_decomp\0048FD80_CPlayerHero__EnterYoungWaterTurn.c"
"0x27","Update","0x0048FDC0","CPlayerHero::UpdateYoungWaterTurn","27 - YoungWaterTurn","update - 0x0048FDC0 - UpdateYoungWaterTurn.c","copied_patched","C:\Users\Proxi\TarzanREVERSEDCodex\ghidra_export\young_state_forced_all_decomp\0048FDC0_CPlayerHero__UpdateYoungWaterTurn.c"
"0x28","Enter","0x00490300","CPlayerHero::EnterYoungSwimForward","28 - YoungSwimForward","enter - 0x00490300 - EnterYoungSwimForward.c","copied_patched","C:\Users\Proxi\TarzanREVERSEDCodex\ghidra_export\young_state_forced_all_decomp\00490300_CPlayerHero__EnterYoungSwimForward.c"
"0x28","Update","0x00490380","CPlayerHero::UpdateYoungSwimForward","28 - YoungSwimForward","update - 0x00490380 - UpdateYoungSwimForward.c","copied_patched","C:\Users\Proxi\TarzanREVERSEDCodex\ghidra_export\young_state_forced_all_decomp\00490380_CPlayerHero__UpdateYoungSwimForward.c"
"0x29","Enter","0x00490560","CPlayerHero::EnterYoungApplyDamageInWater","29 - YoungApplyDamageInWater","enter - 0x00490560 - EnterYoungApplyDamageInWater.c","copied_patched","C:\Users\Proxi\TarzanREVERSEDCodex\ghidra_export\young_state_forced_all_decomp\00490560_CPlayerHero__EnterYoungApplyDamageInWater.c"
"0x29","Update","0x004905B0","CPlayerHero::UpdateYoungApplyDamageInWater","29 - YoungApplyDamageInWater","update - 0x004905B0 - UpdateYoungApplyDamageInWater.c","copied_patched","C:\Users\Proxi\TarzanREVERSEDCodex\ghidra_export\young_state_forced_all_decomp\004905B0_CPlayerHero__UpdateYoungApplyDamageInWater.c"
"0x2A","Enter","0x0048F730","CPlayerHero::EnterYoungClimbableWallGrab","2A - YoungClimbableWallGrab","enter - 0x0048F730 - EnterYoungClimbableWallGrab.c","copied_patched","C:\Users\Proxi\TarzanREVERSEDCodex\ghidra_export\young_state_forced_all_decomp\0048F730_CPlayerHero__EnterYoungClimbableWallGrab.c"
"0x2A","Update","0x0048F790","CPlayerHero::UpdateYoungClimbableWallGrab","2A - YoungClimbableWallGrab","update - 0x0048F790 - UpdateYoungClimbableWallGrab.c","copied_patched","C:\Users\Proxi\TarzanREVERSEDCodex\ghidra_export\young_state_forced_all_decomp\0048F790_CPlayerHero__UpdateYoungClimbableWallGrab.c"
"0x2B","Enter","0x0048F870","CPlayerHero::EnterYoungClimbableWallIdle","2B - YoungClimbableWallIdle","enter - 0x0048F870 - EnterYoungClimbableWallIdle.c","copied_patched","C:\Users\Proxi\TarzanREVERSEDCodex\ghidra_export\young_state_forced_all_decomp\0048F870_CPlayerHero__EnterYoungClimbableWallIdle.c"
"0x2B","Update","0x0048F8E0","CPlayerHero::UpdateYoungClimbableWallIdle","2B - YoungClimbableWallIdle","update - 0x0048F8E0 - UpdateYoungClimbableWallIdle.c","copied_patched","C:\Users\Proxi\TarzanREVERSEDCodex\ghidra_export\young_state_forced_all_decomp\0048F8E0_CPlayerHero__UpdateYoungClimbableWallIdle.c"
"0x2C","Enter","0x0048F9B0","CPlayerHero::EnterYoungClimbableWallMoveDown","2C - YoungClimbableWallMoveDown","enter - 0x0048F9B0 - EnterYoungClimbableWallMoveDown.c","copied_patched","C:\Users\Proxi\TarzanREVERSEDCodex\ghidra_export\young_state_forced_all_decomp\0048F9B0_CPlayerHero__EnterYoungClimbableWallMoveDown.c"
"0x2C","Update","0x0048F9E0","CPlayerHero::UpdateYoungClimbableWallMoveDown","2C - YoungClimbableWallMoveDown","update - 0x0048F9E0 - UpdateYoungClimbableWallMoveDown.c","copied_patched","C:\Users\Proxi\TarzanREVERSEDCodex\ghidra_export\young_state_forced_all_decomp\0048F9E0_CPlayerHero__UpdateYoungClimbableWallMoveDown.c"
"0x2D","Enter","0x0048FA90","CPlayerHero::EnterYoungClimbableWallMoveUp","2D - YoungClimbableWallMoveUp","enter - 0x0048FA90 - EnterYoungClimbableWallMoveUp.c","copied_patched","C:\Users\Proxi\TarzanREVERSEDCodex\ghidra_export\young_state_forced_all_decomp\0048FA90_CPlayerHero__EnterYoungClimbableWallMoveUp.c"
"0x2D","Update","0x0048FB00","CPlayerHero::UpdateYoungClimbableWallMoveUp","2D - YoungClimbableWallMoveUp","update - 0x0048FB00 - UpdateYoungClimbableWallMoveUp.c","copied_patched","C:\Users\Proxi\TarzanREVERSEDCodex\ghidra_export\young_state_forced_all_decomp\0048FB00_CPlayerHero__UpdateYoungClimbableWallMoveUp.c"
"0x2E","Enter","0x0048F5E0","CPlayerHero::EnterYoungClimbableSurfaceJumpOff","2E - YoungClimbableSurfaceJumpOff","enter - 0x0048F5E0 - EnterYoungClimbableSurfaceJumpOff.c","copied_patched","C:\Users\Proxi\TarzanREVERSEDCodex\ghidra_export\young_state_forced_all_decomp\0048F5E0_CPlayerHero__EnterYoungClimbableSurfaceJumpOff.c"
"0x2E","Update","0x0048F600","CPlayerHero::UpdateYoungClimbableSurfaceJumpOff","2E - YoungClimbableSurfaceJumpOff","update - 0x0048F600 - UpdateYoungClimbableSurfaceJumpOff.c","copied_patched","C:\Users\Proxi\TarzanREVERSEDCodex\ghidra_export\young_state_forced_all_decomp\0048F600_CPlayerHero__UpdateYoungClimbableSurfaceJumpOff.c"
"0x2F","Enter","0x0048E820","CPlayerHero::EnterYoungPound","2F - YoungPound","enter - 0x0048E820 - EnterYoungPound.c","copied_patched","C:\Users\Proxi\TarzanREVERSEDCodex\ghidra_export\young_state_forced_all_decomp\0048E820_CPlayerHero__EnterYoungPound.c"
"0x2F","Update","0x0048E860","CPlayerHero::UpdateYoungPound","2F - YoungPound","update - 0x0048E860 - UpdateYoungPound.c","copied_patched","C:\Users\Proxi\TarzanREVERSEDCodex\ghidra_export\young_state_forced_all_decomp\0048E860_CPlayerHero__UpdateYoungPound.c"
"0x30","Enter","0x0048DB30","CPlayerHero::EnterYoungApplyDamageOnJumping","30 - YoungApplyDamageOnJumping","enter - 0x0048DB30 - EnterYoungApplyDamageOnJumping.c","copied_patched","C:\Users\Proxi\TarzanREVERSEDCodex\ghidra_export\young_state_forced_all_decomp\0048DB30_CPlayerHero__EnterYoungApplyDamageOnJumping.c"
"0x30","Update","0x0048DBB0","CPlayerHero::UpdateYoungTarzanAirborneMovement","30 - YoungApplyDamageOnJumping","update - 0x0048DBB0 - UpdateYoungAirborneMovement.c","copied_patched","C:\Users\Proxi\TarzanREVERSEDCodex\ghidra_export\young_state_forced_all_decomp\0048DBB0_CPlayerHero__UpdateYoungTarzanAirborneMovement.c"
"0x31","Enter","0x0048DA80","CPlayerHero::EnterYoungBouncingMode","31 - YoungBouncingMode","enter - 0x0048DA80 - EnterYoungBouncingMode.c","copied_patched","C:\Users\Proxi\TarzanREVERSEDCodex\ghidra_export\young_state_forced_all_decomp\0048DA80_CPlayerHero__EnterYoungBouncingMode.c"
"0x31","Update","0x0048DBB0","CPlayerHero::UpdateYoungTarzanAirborneMovement","31 - YoungBouncingMode","update - 0x0048DBB0 - UpdateYoungAirborneMovement.c","copied_patched","C:\Users\Proxi\TarzanREVERSEDCodex\ghidra_export\young_state_forced_all_decomp\0048DBB0_CPlayerHero__UpdateYoungTarzanAirborneMovement.c"
"0x32","Enter","0x0048EB50","CPlayerHero::EnterYoungThrowHigh","32 - YoungThrowHigh","enter - 0x0048EB50 - EnterYoungThrowHigh.c","copied_patched","C:\Users\Proxi\TarzanREVERSEDCodex\ghidra_export\young_state_forced_all_decomp\0048EB50_CPlayerHero__EnterYoungThrowHigh.c"
"0x32","Update","0x0048EC60","CPlayerHero::UpdateYoungThrow","32 - YoungThrowHigh","update - 0x0048EC60 - UpdateYoungThrow.c","copied_patched","C:\Users\Proxi\TarzanREVERSEDCodex\ghidra_export\young_state_forced_all_decomp\0048EC60_CPlayerHero__UpdateYoungThrow.c"
"0x33","Enter","0x0048EBD0","CPlayerHero::EnterYoungThrowLow","33 - YoungThrowLow","enter - 0x0048EBD0 - EnterYoungThrowLow.c","copied_patched","C:\Users\Proxi\TarzanREVERSEDCodex\ghidra_export\young_state_forced_all_decomp\0048EBD0_CPlayerHero__EnterYoungThrowLow.c"
"0x33","Update","0x0048EC60","CPlayerHero::UpdateYoungThrow","33 - YoungThrowLow","update - 0x0048EC60 - UpdateYoungThrow.c","copied_patched","C:\Users\Proxi\TarzanREVERSEDCodex\ghidra_export\young_state_forced_all_decomp\0048EC60_CPlayerHero__UpdateYoungThrow.c"
"0x34","Enter","0x0048EFD0","CPlayerHero::EnterYoungStabAnimation","34 - YoungStabAnimation","enter - 0x0048EFD0 - EnterYoungStabAnimation.c","copied_patched","C:\Users\Proxi\TarzanREVERSEDCodex\ghidra_export\young_state_forced_all_decomp\0048EFD0_CPlayerHero__EnterYoungStabAnimation.c"
"0x34","Update","0x0048F0D0","CPlayerHero::UpdateYoungStabAnimation","34 - YoungStabAnimation","update - 0x0048F0D0 - UpdateYoungStabAnimation.c","copied_patched","C:\Users\Proxi\TarzanREVERSEDCodex\ghidra_export\young_state_forced_all_decomp\0048F0D0_CPlayerHero__UpdateYoungStabAnimation.c"
"0x35","Enter","0x0048F050","CPlayerHero::EnterYoungAlternativeStabAnimation","35 - YoungAlternativeStabAnimation","enter - 0x0048F050 - EnterYoungAlternativeStabAnimation.c","copied_patched","C:\Users\Proxi\TarzanREVERSEDCodex\ghidra_export\young_state_forced_all_decomp\0048F050_CPlayerHero__EnterYoungAlternativeStabAnimation.c"
"0x35","Update","0x0048F0D0","CPlayerHero::UpdateYoungStabAnimation","35 - YoungAlternativeStabAnimation","update - 0x0048F0D0 - UpdateYoungStabAnimation.c","copied_patched","C:\Users\Proxi\TarzanREVERSEDCodex\ghidra_export\young_state_forced_all_decomp\0048F0D0_CPlayerHero__UpdateYoungStabAnimation.c"
"0x36","Enter","0x004905D0","CPlayerHero::EnterYoungTutorialPickupReaction","36 - YoungTutorialPickupReaction","enter - 0x004905D0 - EnterYoungTutorialPickupReaction.c","copied_patched","C:\Users\Proxi\TarzanREVERSEDCodex\ghidra_export\young_state_forced_all_decomp\004905D0_CPlayerHero__EnterYoungTutorialPickupReaction.c"
"0x36","Update","0x00490610","CPlayerHero::UpdateYoungTutorialPickupReaction","36 - YoungTutorialPickupReaction","update - 0x00490610 - UpdateYoungTutorialPickupReaction.c","copied_patched","C:\Users\Proxi\TarzanREVERSEDCodex\ghidra_export\young_state_forced_all_decomp\00490610_CPlayerHero__UpdateYoungTutorialPickupReaction.c"
"0x37","Enter","0x004906C0","CPlayerHero::EnterYoungTarzanAndTerkTutorialPickupSequence","37 - YoungAndTerkTutorialPickupSequence","enter - 0x004906C0 - EnterYoungAndTerkTutorialPickupSequence.c","copied_patched","C:\Users\Proxi\TarzanREVERSEDCodex\ghidra_export\young_state_forced_all_decomp\004906C0_CPlayerHero__EnterYoungTarzanAndTerkTutorialPickupSequence.c"
"0x37","Update","0x00490780","CPlayerHero::UpdateYoungTarzanAndTerkTutorialPickupSequence","37 - YoungAndTerkTutorialPickupSequence","update - 0x00490780 - UpdateYoungAndTerkTutorialPickupSequence.c","copied_patched","C:\Users\Proxi\TarzanREVERSEDCodex\ghidra_export\young_state_forced_all_decomp\00490780_CPlayerHero__UpdateYoungTarzanAndTerkTutorialPickupSequence.c"
"0x38","Enter","0x004906C0","CPlayerHero::EnterYoungTarzanAndTerkTutorialPickupSequence","38 - YoungAndTerkTutorialPickupSequence","enter - 0x004906C0 - EnterYoungAndTerkTutorialPickupSequence.c","copied_patched","C:\Users\Proxi\TarzanREVERSEDCodex\ghidra_export\young_state_forced_all_decomp\004906C0_CPlayerHero__EnterYoungTarzanAndTerkTutorialPickupSequence.c"
"0x38","Update","0x00490780","CPlayerHero::UpdateYoungTarzanAndTerkTutorialPickupSequence","38 - YoungAndTerkTutorialPickupSequence","update - 0x00490780 - UpdateYoungAndTerkTutorialPickupSequence.c","copied_patched","C:\Users\Proxi\TarzanREVERSEDCodex\ghidra_export\young_state_forced_all_decomp\00490780_CPlayerHero__UpdateYoungTarzanAndTerkTutorialPickupSequence.c"
"0x39","Enter","0x004906C0","CPlayerHero::EnterYoungTarzanAndTerkTutorialPickupSequence","39 - YoungAndTerkTutorialPickupSequence","enter - 0x004906C0 - EnterYoungAndTerkTutorialPickupSequence.c","copied_patched","C:\Users\Proxi\TarzanREVERSEDCodex\ghidra_export\young_state_forced_all_decomp\004906C0_CPlayerHero__EnterYoungTarzanAndTerkTutorialPickupSequence.c"
"0x39","Update","0x00490780","CPlayerHero::UpdateYoungTarzanAndTerkTutorialPickupSequence","39 - YoungAndTerkTutorialPickupSequence","update - 0x00490780 - UpdateYoungAndTerkTutorialPickupSequence.c","copied_patched","C:\Users\Proxi\TarzanREVERSEDCodex\ghidra_export\young_state_forced_all_decomp\00490780_CPlayerHero__UpdateYoungTarzanAndTerkTutorialPickupSequence.c"
"0x3A","Enter","0x00490DD0","CPlayerHero::EnterYoungTutorialPickupFinalPose","3A - YoungTutorialPickupFinalPose","enter - 0x00490DD0 - EnterYoungTutorialPickupFinalPose.c","copied_patched","C:\Users\Proxi\TarzanREVERSEDCodex\ghidra_export\young_state_forced_all_decomp\00490DD0_CPlayerHero__EnterYoungTutorialPickupFinalPose.c"
"0x3A","Update","0x00490780","CPlayerHero::UpdateYoungTarzanAndTerkTutorialPickupSequence","3A - YoungTutorialPickupFinalPose","update - 0x00490780 - UpdateYoungAndTerkTutorialPickupSequence.c","copied_patched","C:\Users\Proxi\TarzanREVERSEDCodex\ghidra_export\young_state_forced_all_decomp\00490780_CPlayerHero__UpdateYoungTarzanAndTerkTutorialPickupSequence.c"
"0x3B","Enter","0x004906C0","CPlayerHero::EnterYoungTarzanAndTerkTutorialPickupSequence","3B - YoungAndTerkTutorialPickupSequence","enter - 0x004906C0 - EnterYoungAndTerkTutorialPickupSequence.c","copied_patched","C:\Users\Proxi\TarzanREVERSEDCodex\ghidra_export\young_state_forced_all_decomp\004906C0_CPlayerHero__EnterYoungTarzanAndTerkTutorialPickupSequence.c"
"0x3B","Update","0x00490780","CPlayerHero::UpdateYoungTarzanAndTerkTutorialPickupSequence","3B - YoungAndTerkTutorialPickupSequence","update - 0x00490780 - UpdateYoungAndTerkTutorialPickupSequence.c","copied_patched","C:\Users\Proxi\TarzanREVERSEDCodex\ghidra_export\young_state_forced_all_decomp\00490780_CPlayerHero__UpdateYoungTarzanAndTerkTutorialPickupSequence.c"
"0x3C","Enter","0x004906C0","CPlayerHero::EnterYoungTarzanAndTerkTutorialPickupSequence","3C - YoungAndTerkTutorialPickupSequence","enter - 0x004906C0 - EnterYoungAndTerkTutorialPickupSequence.c","copied_patched","C:\Users\Proxi\TarzanREVERSEDCodex\ghidra_export\young_state_forced_all_decomp\004906C0_CPlayerHero__EnterYoungTarzanAndTerkTutorialPickupSequence.c"
"0x3C","Update","0x00490780","CPlayerHero::UpdateYoungTarzanAndTerkTutorialPickupSequence","3C - YoungAndTerkTutorialPickupSequence","update - 0x00490780 - UpdateYoungAndTerkTutorialPickupSequence.c","copied_patched","C:\Users\Proxi\TarzanREVERSEDCodex\ghidra_export\young_state_forced_all_decomp\00490780_CPlayerHero__UpdateYoungTarzanAndTerkTutorialPickupSequence.c"
"0x3D","Enter","0x004906C0","CPlayerHero::EnterYoungTarzanAndTerkTutorialPickupSequence","3D - YoungAndTerkTutorialPickupSequence","enter - 0x004906C0 - EnterYoungAndTerkTutorialPickupSequence.c","copied_patched","C:\Users\Proxi\TarzanREVERSEDCodex\ghidra_export\young_state_forced_all_decomp\004906C0_CPlayerHero__EnterYoungTarzanAndTerkTutorialPickupSequence.c"
"0x3D","Update","0x00490780","CPlayerHero::UpdateYoungTarzanAndTerkTutorialPickupSequence","3D - YoungAndTerkTutorialPickupSequence","update - 0x00490780 - UpdateYoungAndTerkTutorialPickupSequence.c","copied_patched","C:\Users\Proxi\TarzanREVERSEDCodex\ghidra_export\young_state_forced_all_decomp\00490780_CPlayerHero__UpdateYoungTarzanAndTerkTutorialPickupSequence.c"
"0x3E","Enter","0x00490E10","CPlayerHero::EnterYoungTutorialPickupReturnIdle","3E - YoungTutorialPickupReturnIdle","enter - 0x00490E10 - EnterYoungTutorialPickupReturnIdle.c","copied_patched","C:\Users\Proxi\TarzanREVERSEDCodex\ghidra_export\young_state_forced_all_decomp\00490E10_CPlayerHero__EnterYoungTutorialPickupReturnIdle.c"
"0x3E","Update","0x00490E20","CPlayerHero::UpdateYoungTutorialPickupReturnIdle","3E - YoungTutorialPickupReturnIdle","update - 0x00490E20 - UpdateYoungTutorialPickupReturnIdle.c","copied_patched","C:\Users\Proxi\TarzanREVERSEDCodex\ghidra_export\young_state_forced_all_decomp\00490E20_CPlayerHero__UpdateYoungTutorialPickupReturnIdle.c"
